{"count":1,"gauges":{"playerLearning.CumulativeReward":{"count":1,"max":0.375003517,"min":0.375003517,"value":0.375003517,"weightedAverage":0.375003517},"bossLearning.CumulativeReward":{"count":1,"max":-0.375003517,"min":-0.375003517,"value":-0.375003517,"weightedAverage":-0.375003517}},"self":29.691113599999998,"total":33.5011066,"children":{"AgentSendState":{"count":1592,"self":0.0415663,"total":0.0573602,"children":{"CollectObservations":{"count":1953,"self":0.0157939,"total":0.0157939,"children":null}}},"DecideAction":{"count":1592,"self":3.107602,"total":3.7317133,"children":{"CameraSensor.WriteToTensor":{"count":361,"self":0.6241112,"total":0.6241112,"children":null}}},"AgentAct":{"count":1592,"self":0.0199218,"total":0.0199218,"children":null}}}