{"count":1,"gauges":{},"self":8.1574663999999988,"total":9.1225217,"children":{"AgentSendState":{"count":344,"self":0.0090005,"total":0.0100006,"children":{"CollectObservations":{"count":111,"self":0.0010000999999999999,"total":0.0010000999999999999,"children":null}}},"DecideAction":{"count":344,"self":0.752043,"total":0.9450541,"children":{"CameraSensor.WriteToTensor":{"count":111,"self":0.1930111,"total":0.1930111,"children":null}}},"AgentAct":{"count":344,"self":0.0080004,"total":0.0080004,"children":null}}}