{"count":1,"gauges":{},"self":9.2101727999999987,"total":10.204311299999999,"children":{"AgentSendState":{"count":311,"self":0.0079622,"total":0.0089725,"children":{"CollectObservations":{"count":63,"self":0.0010103,"total":0.0010103,"children":null}}},"DecideAction":{"count":311,"self":0.8016437,"total":0.9752706,"children":{"CameraSensor.WriteToTensor":{"count":63,"self":0.1736269,"total":0.1736269,"children":null}}},"AgentAct":{"count":311,"self":0.0079008,"total":0.0079008,"children":null}}}
