{"count":1,"gauges":{},"self":19.39616,"total":19.5628726,"children":{"AgentSendState":{"count":813,"self":0.0665509,"total":0.1214272,"children":{"CollectObservations":{"count":1626,"self":0.054876299999999996,"total":0.054876299999999996,"children":null}}},"DecideAction":{"count":813,"self":0.0152682,"total":0.0152682,"children":null},"AgentAct":{"count":813,"self":0.0279612,"total":0.0279612,"children":null}}}