{"count":1,"gauges":{"playerLearning.CumulativeReward":{"count":5,"max":5.08921671,"min":0.00025,"value":0.00025,"weightedAverage":1.610431},"bossLearning.CumulativeReward":{"count":5,"max":-0.00025,"min":-5.08921671,"value":-0.00025,"weightedAverage":-1.610431}},"self":8.0973816,"total":11.126848599999999,"children":{"AgentSendState":{"count":361,"self":0.0381103,"total":0.051408499999999996,"children":{"CollectObservations":{"count":476,"self":0.0132982,"total":0.0132982,"children":null}}},"DecideAction":{"count":361,"self":2.411724,"total":2.9589673999999997,"children":{"CameraSensor.WriteToTensor":{"count":115,"self":0.5472433,"total":0.5472433,"children":null}}},"AgentAct":{"count":361,"self":0.01813,"total":0.01813,"children":null}}}