{"count":1,"gauges":{},"self":10.0080504,"total":11.4140898,"children":{"AgentSendState":{"count":64,"self":0.0051110999999999995,"total":0.0061217999999999993,"children":{"CollectObservations":{"count":119,"self":0.0010107,"total":0.0010107,"children":null}}},"DecideAction":{"count":64,"self":1.2370008,"total":1.395745,"children":{"CameraSensor.WriteToTensor":{"count":55,"self":0.1587442,"total":0.1587442,"children":null}}},"AgentAct":{"count":64,"self":0.0031749,"total":0.0031749,"children":null}}}