{"count":1,"gauges":{},"self":12.382777599999999,"total":17.480176,"children":{"AgentSendState":{"count":530,"self":0.029951,"total":0.035511,"children":{"CollectObservations":{"count":148,"self":0.00556,"total":0.00556,"children":null}}},"DecideAction":{"count":530,"self":4.3815872,"total":5.036554,"children":{"CameraSensor.WriteToTensor":{"count":148,"self":0.654967,"total":0.654967,"children":null}}},"AgentAct":{"count":530,"self":0.023687999999999997,"total":0.023687999999999997,"children":null}}}