{"count":1,"gauges":{},"self":11.957209599999999,"total":16.5452829,"children":{"AgentSendState":{"count":770,"self":0.050802799999999995,"total":0.0554657,"children":{"CollectObservations":{"count":196,"self":0.0046629,"total":0.0046629,"children":null}}},"DecideAction":{"count":770,"self":3.5294179999999997,"total":4.4955625,"children":{"CameraSensor.WriteToTensor":{"count":196,"self":0.96614459999999991,"total":0.96614459999999991,"children":null}}},"AgentAct":{"count":770,"self":0.0359888,"total":0.0359888,"children":null}}}