{"count":1,"gauges":{},"self":4.4619795999999994,"total":23.7695613,"children":{"AgentSendState":{"count":417,"self":0.1032963,"total":5.8497160999999993,"children":{"CollectObservations":{"count":5004,"self":0.0249734,"total":0.0249734,"children":null},"AgentInfo.ToProto":{"count":4587,"self":0.0445853,"total":5.7214464,"children":{"GenerateSensorData":{"count":4587,"self":0.074516199999999991,"total":5.6768611,"children":{"CameraSensor.GetCompressedObservation":{"count":4587,"self":5.6023448,"total":5.6023448999999994,"children":null}}}}}}},"DecideAction":{"count":417,"self":13.442632,"total":13.442632099999999,"children":null},"AgentAct":{"count":417,"self":0.0142362,"total":0.0142362,"children":null}}}