{"count":1,"gauges":{},"self":13.7283264,"total":19.105276699999997,"children":{"AgentSendState":{"count":891,"self":0.0832179,"total":0.12378689999999999,"children":{"CollectObservations":{"count":1112,"self":0.040569,"total":0.040569,"children":null}}},"DecideAction":{"count":891,"self":4.2495324,"total":5.1993352,"children":{"CameraSensor.WriteToTensor":{"count":221,"self":0.9498028,"total":0.9498028,"children":null}}},"AgentAct":{"count":891,"self":0.0518576,"total":0.0518576,"children":null}}}