{"count":1,"gauges":{},"self":6.8389288,"total":8.9271243,"children":{"AgentSendState":{"count":273,"self":0.014868099999999999,"total":0.0221908,"children":{"CollectObservations":{"count":328,"self":0.0073227,"total":0.0073227,"children":null}}},"DecideAction":{"count":273,"self":1.7341506,"total":2.0547424999999997,"children":{"CameraSensor.WriteToTensor":{"count":55,"self":0.3205919,"total":0.3205919,"children":null}}},"AgentAct":{"count":273,"self":0.0102466,"total":0.0102466,"children":null}}}