{"count":1,"gauges":{},"self":11.8747112,"total":14.065458,"children":{"AgentSendState":{"count":676,"self":0.0089298,"total":0.0099274999999999988,"children":{"CollectObservations":{"count":178,"self":0.0009977,"total":0.0009977,"children":null}}},"DecideAction":{"count":676,"self":1.7988916,"total":2.1689817,"children":{"CameraSensor.WriteToTensor":{"count":178,"self":0.3700901,"total":0.3700901,"children":null}}},"AgentAct":{"count":676,"self":0.0108395,"total":0.0108395,"children":null}}}
