{"count":1,"gauges":{"bossLearning.CumulativeReward":{"count":1,"max":-0.375003517,"min":-0.375003517,"value":-0.375003517,"weightedAverage":-0.375003517}},"self":45.7541152,"total":52.457617,"children":{"AgentSendState":{"count":2446,"self":0.0246376,"total":0.0285966,"children":{"CollectObservations":{"count":532,"self":0.003959,"total":0.003959,"children":null}}},"DecideAction":{"count":2446,"self":5.466436,"total":6.6360529999999995,"children":{"CameraSensor.WriteToTensor":{"count":532,"self":1.1696168999999998,"total":1.1696168999999998,"children":null}}},"AgentAct":{"count":2446,"self":0.037856299999999996,"total":0.037856299999999996,"children":null}}}