{"count":1,"gauges":{},"self":69.415872,"total":70.518579,"children":{"AgentSendState":{"count":83,"self":0.010884,"total":0.014983,"children":{"CollectObservations":{"count":142,"self":0.004099,"total":0.004099,"children":null}}},"DecideAction":{"count":83,"self":0.93529999999999991,"total":1.082091,"children":{"CameraSensor.WriteToTensor":{"count":59,"self":0.146791,"total":0.146791,"children":null}}},"AgentAct":{"count":83,"self":0.004442,"total":0.004442,"children":null}}}
{"count":1,"gauges":{},"self":14.1373296,"total":19.837668,"children":{"AgentSendState":{"count":854,"self":0.0491668,"total":0.053423,"children":{"CollectObservations":{"count":213,"self":0.0042562,"total":0.0042562,"children":null}}},"DecideAction":{"count":854,"self":4.7406891999999994,"total":5.6134619,"children":{"CameraSensor.WriteToTensor":{"count":213,"self":0.8727728,"total":0.8727728,"children":null}}},"AgentAct":{"count":854,"self":0.032329199999999995,"total":0.032329199999999995,"children":null}}}
