{"count":1,"gauges":{},"self":13.906212799999999,"total":20.584304799999998,"children":{"AgentSendState":{"count":815,"self":0.048462899999999996,"total":0.067449399999999993,"children":{"CollectObservations":{"count":1020,"self":0.0189865,"total":0.0189865,"children":null}}},"DecideAction":{"count":815,"self":5.8786416,"total":6.5856192999999994,"children":{"CameraSensor.WriteToTensor":{"count":205,"self":0.7069778,"total":0.7069778,"children":null}}},"AgentAct":{"count":815,"self":0.023997499999999998,"total":0.023997499999999998,"children":null}}}