{"count":1,"gauges":{},"self":0.476506,"total":1.9751059999999998,"children":{"AgentSendState":{"count":37,"self":0.006502,"total":0.009809,"children":{"CollectObservations":{"count":37,"self":0.003307,"total":0.003307,"children":null}}},"DecideAction":{"count":37,"self":1.2784339999999998,"total":1.484133,"children":{"CameraSensor.WriteToTensor":{"count":37,"self":0.205699,"total":0.205699,"children":null}}},"AgentAct":{"count":37,"self":0.0030919999999999997,"total":0.0030919999999999997,"children":null}}}
